{"cameraMode":{"drawMode":0,"name":"Shaded","section":"Shading Mode"},"sceneLighting":false,"audioPlay":false,"sceneViewState":{"showFog":true,"showMaterialUpdate":false,"showSkybox":false,"showFlares":true,"showImageEffects":true,"showParticleSystems":true,"showVisualEffectGraphs":true,"m_FxEnabled":true},"in2DMode":false,"pivot":{"x":-0.7637615203857422,"y":7.349531173706055,"z":0.2012777328491211},"rotation":{"x":0.011900510638952256,"y":-0.9843716621398926,"z":0.07337096333503723,"w":0.15966109931468965},"size":14.56574821472168,"orthographic":false}