{"cameraMode":{"drawMode":0,"name":"Shaded","section":"Shading Mode"},"sceneLighting":true,"audioPlay":false,"sceneViewState":{"showFog":true,"showMaterialUpdate":false,"showSkybox":true,"showFlares":true,"showImageEffects":true,"showParticleSystems":true,"showVisualEffectGraphs":true,"m_FxEnabled":true},"in2DMode":false,"pivot":{"x":48.229156494140628,"y":140.15341186523438,"z":-6.575835704803467},"rotation":{"x":0.041161004453897479,"y":0.08532240986824036,"z":-0.0035281931050121786,"w":0.9954983592033386},"size":1.144547462463379,"orthographic":true}